"database_id","ingredient_concept_id","ingredient","n_records","n_non_negative_days","n_negative_days","proportion_negative_days","minimum_drug_exposure_days","q05_drug_exposure_days","q10_drug_exposure_days","q25_drug_exposure_days","median_drug_exposure_days","q75_drug_exposure_days","q90_drug_exposure_days","q95_drug_exposure_days","maximum_drug_exposure_days","result_obscured"
"CPRD GOLD",1797513,"ciprofloxacin",1000000,1000000,0,0,1,5,5,5,5,7,7,21,210,FALSE
"CPRD GOLD",1716903,"moxifloxacin",13779,13779,0,0,1,1,5,5,5,7,10,10,21,FALSE
"CPRD GOLD",923081,"ofloxacin",220214,220214,0,0,1,5,5,5,10,14,28,28,90,FALSE
"CPRD GOLD",1742253,"levofloxacin",69193,69193,0,0,1,5,5,5,7,10,10,14,84,FALSE
"CPRD GOLD",1721543,"norfloxacin",120348,120348,0,0,1,3,3,3,3,7,10,28,90,FALSE
